<?xml version="1.0" encoding="UTF-8"?>
<con:soapui-project id="42bc0d46-fb22-43df-a6f4-941984f30db5" activeEnvironment="Default" name="WeatherAPI Collection" resourceRoot="${projectDir}" soapui-version="5.1.2" xmlns:con="http://eviware.com/soapui/config"><con:settings/><con:interface xsi:type="con:RestService" id="fc7ac2f4-8888-44cc-90c3-80a575d22f13" wadlVersion="http://wadl.dev.java.net/2009/02" name="http://api.openweathermap.org" type="rest" xmlns:xsi="http://www.w3.org/2001/XMLSchema-instance"><con:settings/><con:definitionCache type="TEXT" rootPart=""/><con:endpoints><con:endpoint>http://api.openweathermap.org</con:endpoint></con:endpoints><con:resource name="stations" path="/data/3.0/stations" id="7cd26887-74d7-4d93-b92c-f84211c6c4cd"><con:settings/><con:parameters><con:parameter><con:name>appid</con:name><con:value>a474909b9bd0b5205ac147da58080c0f</con:value><con:style>QUERY</con:style><con:default>a474909b9bd0b5205ac147da58080c0f</con:default><con:description xsi:nil="true"/></con:parameter></con:parameters><con:resource name="{ID_Value}" path="{ID_Value}" id="6b3ad8b6-6f02-4d06-90cc-2a1789c366fc"><con:settings/><con:parameters><con:parameter><con:name>ID_Value</con:name><con:value>ID_Value</con:value><con:style>TEMPLATE</con:style><con:default>ID_Value</con:default></con:parameter></con:parameters><con:method name="Getting single station id" id="5c1cb4b7-8adb-420c-ad20-3f6d64b8f858" method="GET"><con:settings/><con:parameters/><con:representation type="RESPONSE"><con:mediaType>application/json; charset=utf-8</con:mediaType><con:status>200</con:status><con:params/><con:element xmlns:db9="http://api.openweathermap.org/data/3.0/stations/5db92e6c6c634e000115a2ba">db9:Response</con:element></con:representation><con:representation type="FAULT"><con:mediaType>application/json; charset=utf-8</con:mediaType><con:status>404</con:status><con:params/><con:element xmlns:db9="http://api.openweathermap.org/data/3.0/stations/5db92e6c6c634e000115a2ba">db9:Fault</con:element></con:representation><con:representation type="RESPONSE"><con:mediaType xsi:nil="true"/><con:status>0</con:status><con:params/><con:element>data</con:element></con:representation><con:representation type="RESPONSE"><con:mediaType xsi:nil="true"/><con:status>0</con:status><con:params/><con:element>data</con:element></con:representation><con:representation type="RESPONSE"><con:mediaType xsi:nil="true"/><con:status>0</con:status><con:params/><con:element>data</con:element></con:representation><con:representation type="RESPONSE"><con:mediaType xsi:nil="true"/><con:status>0</con:status><con:params/><con:element>data</con:element></con:representation><con:request name="GET" id="49475257-c459-44b5-a901-7720de262bd6" mediaType="application/json"><con:settings><con:setting id="com.eviware.soapui.impl.wsdl.WsdlRequest@request-headers">&lt;xml-fragment/></con:setting></con:settings><con:endpoint>http://api.openweathermap.org</con:endpoint><con:request/><con:originalUri>http://api.openweathermap.org/data/3.0/stations/5db92e6c6c634e000115a2ba</con:originalUri><con:credentials><con:authType>No Authorization</con:authType></con:credentials><con:jmsConfig JMSDeliveryMode="PERSISTENT"/><con:jmsPropertyConfig/><con:parameters>
  <con:entry key="appid" value="a474909b9bd0b5205ac147da58080c0f"/>
  <con:entry key="ID_Value" value="5db92e6c6c634e000115a2ba"/>
</con:parameters></con:request></con:method></con:resource><con:resource name="" path="" id="c7a4a2eb-18d5-446f-a31e-0a966c97406a"><con:settings/><con:parameters/><con:resource name="{ID_Value}" path="{ID_Value}" id="f562ebc7-b32f-4ba2-8763-b8a1ce229ed6"><con:settings/><con:parameters><con:parameter><con:name>ID_Value</con:name><con:value>ID_Value</con:value><con:style>TEMPLATE</con:style><con:default>ID_Value</con:default></con:parameter></con:parameters><con:method name="Updating Station Data" id="6861ca6e-3549-4be7-8def-e794b4465113" method="PUT"><con:settings/><con:parameters/><con:representation type="FAULT"><con:mediaType>application/json; charset=utf-8</con:mediaType><con:status>400 404</con:status><con:params/><con:element xmlns:id="http://api.openweathermap.org/data/3.0/stations/ID_Value">id:Fault</con:element></con:representation><con:representation type="REQUEST"><con:mediaType>application/json</con:mediaType><con:params/></con:representation><con:representation type="RESPONSE"><con:mediaType>application/json; charset=utf-8</con:mediaType><con:status>200</con:status><con:params/><con:element xmlns:id="http://api.openweathermap.org/data/3.0/stations/ID_Value">id:Response</con:element></con:representation><con:request name="PUT" id="256b6ca8-2c06-4e2a-bcc5-3e2969524add" mediaType="application/json" postQueryString="false"><con:settings><con:setting id="com.eviware.soapui.impl.wsdl.WsdlRequest@request-headers">&lt;xml-fragment/></con:setting></con:settings><con:endpoint>http://api.openweathermap.org</con:endpoint><con:request>{
    "external_id": "MURTHY411",
    "name": "h Testdkjkx updated Station",
    "latitude": 12.34,
    "longitude": 56.78,
    "altitude": 933
} </con:request><con:originalUri>http://api.openweathermap.org/data/3.0/stations/ID_Value</con:originalUri><con:credentials><con:authType>No Authorization</con:authType></con:credentials><con:jmsConfig JMSDeliveryMode="PERSISTENT"/><con:jmsPropertyConfig/><con:parameters><entry key="ID_Value" value="5db92e6c6c634e000115a2ba" xmlns="http://eviware.com/soapui/config"/></con:parameters></con:request></con:method><con:method name="Delete a station" id="b50d83bc-b0ed-42a1-b936-aa59c7ad3632" method="DELETE"><con:settings/><con:parameters/><con:representation type="RESPONSE"><con:mediaType xsi:nil="true"/><con:status>204</con:status><con:params/><con:element>data</con:element></con:representation><con:representation type="REQUEST"><con:mediaType>application/json</con:mediaType><con:params/></con:representation><con:representation type="RESPONSE"><con:mediaType xsi:nil="true"/><con:status>204</con:status><con:params/><con:element>data</con:element></con:representation><con:representation type="FAULT"><con:mediaType>application/json; charset=utf-8</con:mediaType><con:status>404</con:status><con:params/><con:element xmlns:db9="http://api.openweathermap.org/data/3.0/stations/5db92e6c6c634e000115a2ba">db9:Fault</con:element></con:representation><con:representation type="RESPONSE"><con:mediaType xsi:nil="true"/><con:status>204</con:status><con:params/><con:element>data</con:element></con:representation><con:representation type="RESPONSE"><con:mediaType xsi:nil="true"/><con:status>204</con:status><con:params/><con:element>data</con:element></con:representation><con:request name="Delete" id="53d01776-d0c3-4ee2-b65b-93c1648c0920" mediaType="application/json" postQueryString="false"><con:settings><con:setting id="com.eviware.soapui.impl.wsdl.WsdlRequest@request-headers">&lt;xml-fragment/></con:setting></con:settings><con:endpoint>http://api.openweathermap.org</con:endpoint><con:request/><con:originalUri>http://api.openweathermap.org/data/3.0/stations/5db92e6c6c634e000115a2ba</con:originalUri><con:credentials><con:authType>No Authorization</con:authType></con:credentials><con:jmsConfig JMSDeliveryMode="PERSISTENT"/><con:jmsPropertyConfig/><con:parameters><entry key="ID_Value" value="5db92e6c6c634e000115a2ba" xmlns="http://eviware.com/soapui/config"/></con:parameters></con:request></con:method></con:resource><con:method name="Getting all Stations" id="eb33cdaa-0c73-4c5f-a6e8-9fc64709acef" method="GET"><con:settings/><con:parameters/><con:representation type="RESPONSE"><con:mediaType>application/json; charset=utf-8</con:mediaType><con:status>200</con:status><con:params/><con:element>Response</con:element></con:representation><con:request name="GET" id="576d83fe-844b-4424-9a55-f607f71f0d0a" mediaType="application/json"><con:settings><con:setting id="com.eviware.soapui.impl.wsdl.WsdlRequest@request-headers">&lt;xml-fragment/></con:setting></con:settings><con:endpoint>http://api.openweathermap.org</con:endpoint><con:request/><con:originalUri>http://api.openweathermap.org/data/3.0/stations</con:originalUri><con:credentials><con:authType>No Authorization</con:authType></con:credentials><con:jmsConfig JMSDeliveryMode="PERSISTENT"/><con:jmsPropertyConfig/><con:parameters><entry key="appid" value="a474909b9bd0b5205ac147da58080c0f" xmlns="http://eviware.com/soapui/config"/></con:parameters></con:request></con:method></con:resource><con:method name="Creating a Stations" id="f21ce8c5-f66e-4454-b14b-1e31644eda38" method="POST"><con:settings/><con:parameters/><con:representation type="RESPONSE"><con:mediaType>application/json; charset=utf-8</con:mediaType><con:status>201</con:status><con:params/><con:element xmlns:stat="http://api.openweathermap.org/data/3.0/stations">stat:Response</con:element></con:representation><con:representation type="REQUEST"><con:mediaType>application/json</con:mediaType><con:params/></con:representation><con:representation type="RESPONSE"><con:mediaType xsi:nil="true"/><con:status>0</con:status><con:params/><con:element>data</con:element></con:representation><con:representation type="RESPONSE"><con:mediaType xsi:nil="true"/><con:status>0</con:status><con:params/><con:element>data</con:element></con:representation><con:representation type="RESPONSE"><con:mediaType xsi:nil="true"/><con:status>0</con:status><con:params/><con:element>data</con:element></con:representation><con:representation type="FAULT"><con:mediaType>application/json; charset=utf-8</con:mediaType><con:status>400</con:status><con:params/><con:element xmlns:stat="http://api.openweathermap.org/data/3.0/stations">stat:Fault</con:element></con:representation><con:request name="Creating a station" id="64dc0036-2664-46f6-ad9c-aef1d876ab75" mediaType="application/json" postQueryString="false"><con:settings><con:setting id="com.eviware.soapui.impl.wsdl.WsdlRequest@request-headers">&lt;xml-fragment/></con:setting></con:settings><con:endpoint>http://api.openweathermap.org</con:endpoint><con:request>{
    "external_id": "MURTHY233",
    "name": "Tuni Test Station",
    "latitude": 12.34,
    "longitude": 56.78,
    "altitude": 901,
    "heat" : 56
}</con:request><con:originalUri>http://api.openweathermap.org/data/3.0/stations</con:originalUri><con:credentials><con:authType>No Authorization</con:authType></con:credentials><con:jmsConfig JMSDeliveryMode="PERSISTENT"/><con:jmsPropertyConfig/><con:parameters><entry key="appid" value="a474909b9bd0b5205ac147da58080c0f" xmlns="http://eviware.com/soapui/config"/></con:parameters><con:parameterOrder><con:entry>appid</con:entry></con:parameterOrder></con:request></con:method></con:resource></con:interface><con:testSuite id="2dee283e-6dbc-4b20-99a3-79bb59a97159" name="WeatherAPI_TestSuite"><con:description>TestSuite generated for REST Service [http://api.openweathermap.org]</con:description><con:settings/><con:runType>SEQUENTIAL</con:runType><con:testCase id="533ee650-cc20-44b3-9cdc-e071a5ecf7aa" failOnError="true" failTestCaseOnErrors="true" keepSession="false" maxResults="0" name="http://api.openweathermap.org TestSuite" searchProperties="true"><con:settings/><con:testStep type="restrequest" name="Create" id="46c6d219-96a9-4d73-b19b-cfd58900256b"><con:settings/><con:config service="http://api.openweathermap.org" methodName="Creating a Stations" resourcePath="/data/3.0/stations" xsi:type="con:RestRequestStep" xmlns:xsi="http://www.w3.org/2001/XMLSchema-instance"><con:restRequest name="Create" id="5b84c107-f62d-4e21-ab9d-fe5c6f8291e6" mediaType="application/json" postQueryString="false"><con:settings><con:setting id="com.eviware.soapui.impl.wsdl.WsdlRequest@request-headers">&lt;xml-fragment/></con:setting></con:settings><con:encoding>UTF-8</con:encoding><con:endpoint>http://api.openweathermap.org</con:endpoint><con:request>{
    "external_id": "MURTHY411",
    "name": "h updated Station",
    "latitude": 12.34,
    "longitude": 56.78,
    "altitude": 933
} </con:request><con:originalUri>http://api.openweathermap.org/data/3.0/stations</con:originalUri><con:credentials><con:authType>No Authorization</con:authType></con:credentials><con:jmsConfig JMSDeliveryMode="PERSISTENT"/><con:jmsPropertyConfig/><con:parameters><con:entry key="appid" value="a474909b9bd0b5205ac147da58080c0f"/></con:parameters></con:restRequest></con:config></con:testStep><con:testStep type="restrequest" name="Get station Id" id="1eccdb9d-ead1-4bf4-a056-bdfaf7ee96b1"><con:settings/><con:config service="http://api.openweathermap.org" methodName="Getting single station id" resourcePath="/data/3.0/stations/{ID_Value}" xsi:type="con:RestRequestStep" xmlns:xsi="http://www.w3.org/2001/XMLSchema-instance"><con:restRequest name="Get station Id" id="21107c89-8aeb-4f06-a474-598f0452fdaf" mediaType="application/json"><con:settings><con:setting id="com.eviware.soapui.impl.wsdl.WsdlRequest@request-headers">&lt;xml-fragment/></con:setting></con:settings><con:encoding>UTF-8</con:encoding><con:endpoint>http://api.openweathermap.org</con:endpoint><con:request/><con:originalUri>http://api.openweathermap.org/data/3.0/stations/5db937526c634e000115a2c5</con:originalUri><con:credentials><con:authType>No Authorization</con:authType></con:credentials><con:jmsConfig JMSDeliveryMode="PERSISTENT"/><con:jmsPropertyConfig/><con:parameters>
  <con:entry key="appid" value="a474909b9bd0b5205ac147da58080c0f"/>
  <con:entry key="ID_Value" value="${Create#Response#$.ID}"/>
</con:parameters></con:restRequest></con:config></con:testStep><con:testStep type="restrequest" name="Get All Stations" id="2539719f-4d5c-49e9-b316-d2511e0db134"><con:settings/><con:config service="http://api.openweathermap.org" resourcePath="/data/3.0/stations" methodName="Getting all Stations" xsi:type="con:RestRequestStep" xmlns:xsi="http://www.w3.org/2001/XMLSchema-instance"><con:restRequest name="Get All Stations" id="576d83fe-844b-4424-9a55-f607f71f0d0a" mediaType="application/json"><con:settings><con:setting id="com.eviware.soapui.impl.wsdl.WsdlRequest@request-headers">&lt;xml-fragment/></con:setting></con:settings><con:endpoint>http://api.openweathermap.org</con:endpoint><con:request/><con:originalUri>http://api.openweathermap.org/data/3.0/stations</con:originalUri><con:credentials><con:authType>No Authorization</con:authType></con:credentials><con:jmsConfig JMSDeliveryMode="PERSISTENT"/><con:jmsPropertyConfig/><con:parameters><entry key="appid" value="a474909b9bd0b5205ac147da58080c0f" xmlns="http://eviware.com/soapui/config"/></con:parameters></con:restRequest></con:config></con:testStep><con:testStep type="restrequest" name="Update" id="0f935b26-ccab-49fb-b0b7-24cbae688cef"><con:settings/><con:config service="http://api.openweathermap.org" resourcePath="/data/3.0/stations/{ID_Value}" methodName="Updating Station Data" xsi:type="con:RestRequestStep" xmlns:xsi="http://www.w3.org/2001/XMLSchema-instance"><con:restRequest name="Update" id="256b6ca8-2c06-4e2a-bcc5-3e2969524add" mediaType="application/json" postQueryString="false"><con:settings><con:setting id="com.eviware.soapui.impl.wsdl.WsdlRequest@request-headers">&lt;xml-fragment/></con:setting></con:settings><con:endpoint>http://api.openweathermap.org</con:endpoint><con:request>{
    "external_id": "MURTHY411",
    "name": "h Testdkjkx updated Station",
    "latitude": 12.34,
    "longitude": 56.78,
    "altitude": 933
} </con:request><con:originalUri>http://api.openweathermap.org/data/3.0/stations/ID_Value</con:originalUri><con:credentials><con:authType>No Authorization</con:authType></con:credentials><con:jmsConfig JMSDeliveryMode="PERSISTENT"/><con:jmsPropertyConfig/><con:parameters><entry key="ID_Value" value="${Create#Response#$.ID}" xmlns="http://eviware.com/soapui/config"/></con:parameters></con:restRequest></con:config></con:testStep><con:testStep type="restrequest" name="Delete" id="c19701bf-dfb9-43b1-95e3-4a30e74f5f6e"><con:settings/><con:config service="http://api.openweathermap.org" resourcePath="/data/3.0/stations/{ID_Value}" methodName="Delete a station" xsi:type="con:RestRequestStep" xmlns:xsi="http://www.w3.org/2001/XMLSchema-instance"><con:restRequest name="Delete" id="53d01776-d0c3-4ee2-b65b-93c1648c0920" mediaType="application/json" postQueryString="false"><con:settings><con:setting id="com.eviware.soapui.impl.wsdl.WsdlRequest@request-headers">&lt;xml-fragment/></con:setting></con:settings><con:endpoint>http://api.openweathermap.org</con:endpoint><con:request/><con:originalUri>http://api.openweathermap.org/data/3.0/stations/5db92e6c6c634e000115a2ba</con:originalUri><con:credentials><con:authType>No Authorization</con:authType></con:credentials><con:jmsConfig JMSDeliveryMode="PERSISTENT"/><con:jmsPropertyConfig/><con:parameters><entry key="ID_Value" value="${Create#Response#$.ID}" xmlns="http://eviware.com/soapui/config"/></con:parameters></con:restRequest></con:config></con:testStep><con:properties/><con:reportParameters/></con:testCase><con:properties/><con:reportParameters/></con:testSuite><con:requirements/><con:properties><con:property><con:name>ID_Value</con:name><con:value>ID_Value</con:value></con:property></con:properties><con:wssContainer/><con:databaseConnectionContainer/><con:oAuth2ProfileContainer/><con:reporting><con:reportTemplates/><con:xmlTemplates/><con:parameters/></con:reporting><con:sensitiveInformation/></con:soapui-project>